PMID	PubDate
41216370	2026 Feb
41199119	2025 Nov 6
41096574	2025 Sep 23
41078344	2025 Oct 13
41074161	2025 Oct 10
41068761	2025 Oct 9
41063183	2025 Oct 8
41053656	2025 Oct 6
41024732	2025 Sep 30
41019426	2025
41016815	2025 Sep 22
40997714	2026 Mar
40993677	2025 Sep 24
40967102	2025 Nov
40859325	2025 Aug 26
40844195	2025 Nov
40828515	2025 Sep 10
40820067	2025 Sep
40812964	2025 Sep
40810224	2025 Aug
40797305	2025 Aug 12
40708540	2025 Dec
40694321	2025 Aug 19
40683082	2025 Oct
40639017	2025 Dec
40623448	2025 Oct
40614381	2025 Aug
40604758	2025 Jul 2
40561002	2025 Jun 25
40541890	2025 Aug
40462979	2025 May 18
40428053	2025 Apr 22
40427396	2025 Apr 25
40417961	2025 Jul
40410671	2025 May 23
40388010	2025 May 19
40348022	2025 Aug
40331378	2025 Apr 30
40275189	2025 Apr 24
40261969	2025 Jun 4
40241815	2025
40222626	2025 Jun
40206399	2025
40184476	2025 Apr 15
40123115	2025 May
40122361	2025 May 1
40112602	2025 Apr 24
40107515	2025 May 10
40097127	2025 May 1
40083665	2025
40060830	2025 Mar 4
40058106	2025 Apr 16
39990979	2025
39982121	2025 Mar
39978572	2025 Jul
39960354	2025 Feb 26
39916866	2024
39911730	2025 Mar 25
39894200	2025 Apr
39864690	2025 Apr
39854306	2025
39850603	2024 Nov
39833570	2025 May
39810328	2025 Jan 14
39802514	2025
39790487	2025 Feb
39763468	2025 Feb
39738976	2024 Dec 30
39717366	2025 Mar
39702245	2024 Dec 19
39667046	2025 Jan 3
39662776	2025 Jan 15
39659121	2025 Feb
39653135	2025 Mar-Apr
39615373	2025 Mar
39595645	2024 Nov 18
39586228	2025 Jan 10
39576807	2024
39567501	2024 Nov 20
39539395	2024
39430502	2024 Oct 15
39416169	2024 Oct 7
39396202	2025 Feb
39379866	2024 Oct 8
39330704	2024 Oct 9
39314862	2024 Dec
39294780	2024 Sep 18
39291892	2024 Oct 17
39255529	2025 Mar
39232650	2024 Sep 4
39195841	2024 Aug 22
39178925	2024 Oct 1
39168422	2024 Oct 1
39135391	2024 Aug
39109508	2024
39092654	2024 Nov
39076208	2024
39075502	2024 Jul 29
39037882	2024 Dec
39035691	2024 Jul
39004250	2024 Sep
38997077	2024 Sep 1
38996961	2024 Aug
38988173	2024 Jul 10
38978802	2024 Oct
38928219	2024 Jun 13
38924533	2024 Nov
38900226	2024 Sep
38877353	2024 Aug
38849876	2024 Jun 8
38822418	2024 May 31
38811966	2024 May 30
38767630	2024 Jun
38657788	2025 Mar-Apr
38639204	2024 Dec
38602270	2024 Apr
38583525	2024 Aug
38554890	2024 Apr 15
38548121	2024 Jun 28
38527988	2024 Jan-Mar
38525935	2025 Dec
38509852	2024 Jun
38504085	2024 Apr
38496031	2024 Jun
38490726	2024 May 1
38466626	2024 Mar 11
38430019	2024 Feb 29
38415672	2024 Mar
38384563	2024 Feb 29
38363057	2024 May
38283982	2024 Feb
38206679	2024 Apr 1
38192148	2024
38164676	2024 Jan
38156057	2023 Dec
38078617	2023 Nov 21
38058072	2023 Dec
38031520	2023 Nov
37984909	2023 Nov 25
37937094	2023 Nov
37930003	2023 Oct 20
37874329	2024 Apr
37867636	2023 Oct 17
37859690	2024 Feb
37841358	2023 Oct
37822586	2023 Nov
37802985	2023 Oct 6
37797606	2023 Oct 18
37762430	2023 Sep 15
37708238	2023
37701494	2023
37694883	2024 Feb
37685986	2023 Aug 24
37683603	2023 Sep 7
37677036	2023 Aug 25
37660361	2024 May
37638205	2023
37589243	2023 Sep
37533971	2023
37528751	2023 Sep
37482815	2023 Nov 28
37477775	2023 Oct
37454258	2023 Aug
37435308	2023
37425368	2023
37403648	2023 Aug
37326631	2024 Jun
37256203	2023
37237645	2023 May 10
37229212	2023 Jun
37143133	2023 May 4
37082688	2023 Mar 31
37065652	2023
37065219	2023
37036937	2023 Aug 1
37005948	2023 Aug
36942663	2023 Oct
36939962	2023 Dec
36933246	2023 May
36919160	2023
36896417	2023 Apr
36895264	2023 Aug
36892223	2024 Apr
36891610	2023 Dec
36863142	2023 Apr
36830586	2023 Jan 22
36810435	2023 Apr 11
36806251	2023 Feb 20
36805735	2023 Feb 21
36769037	2023 Feb 1
36755334	2023 Apr
36647547	2023 Mar
36605767	2022
36573287	2023 Feb
36562983	2023 Feb
36475290	2022 Jun
36465935	2022
36444115	2023 Mar
36437834	2022
39282499	2022
36436354	2023 Jan-Mar
36435438	2023 Feb
36400827	2022 Nov 18
36396950	2022 Nov 17
36381245	2023 Jan
36342311	2022 Nov
36337189	2022
36318365	2022 Dec
36230897	2022 Sep 20
36188596	2022
36122351	2022 Oct
36100947	2022 Sep 14
36093403	2022
36089087	2022 Nov 30
36072990	2022 Jul-Sep
36054172	2023 Mar
36045373	2022 Aug 31
36036756	2022 Aug 24
36004407	2022 Jul-Sep
35981680	2022 Nov 1
35972962	2022 Aug 23
35962413	2022 Aug 12
35942132	2022
35932304	2023 Jan
35931836	2022 Dec
35910465	2022
35900609	2022 Jul 28
35810237	2022 Jul 9
35802206	2022 Sep
35711630	2022
35702092	2022
35681865	2022 May 30
35623463	2022 Jul 31
35611765	2022 May
35610008	2022 Jun
35578319	2022 May 16
35551975	2022 Aug 10
35529473	2022
35488351	2022 Apr 29
35469160	2022
35457148	2022 Apr 14
35427733	2022 Jul 1
35416068	2022 Jun
35344713	2022 Jun
35305656	2022 Mar 19
35289232	2022 Mar
35259590	2022 Apr 30
35228907	2022
35219139	2022 Apr
35218985	2022 May
35179308	2022 Apr
35095776	2021
35057081	2022 Jan 13
35032910	2022 Feb
35028785	2022 Feb
35023025	2022 Feb
35020409	2022 Jan 12
35017095	2022 Jun
35012034	2021 Dec 21
34981507	2022 Jun
34960976	2021 Dec 16
34939393	2021 Dec
34932655	2021
34905737	2021 Dec 31
34886755	2022 Jun
34876212	2021 Dec 8
34863246	2021 Dec 4
34861782	2021 Dec
34848799	2021 Nov 30
34848747	2021 Nov 30
34802259	2021 Dec
34786041	2021
34751734	2022 Apr 1
34749769	2021 Nov 8
34736242	2021 Nov 19
34721588	2021
34706537	2021 Nov 24
34670390	2022 Feb
34666502	2021 Oct
34666200	2022 May
34626310	2021 Nov
34610749	2022 May
34590154	2021 Dec
34582032	2021 Sep 28
34533814	2021 Sep
34528913	2021 Oct 28
34515572	2022 Mar
34509913	2021 Nov 9
34422071	2021
34421630	2021
34421623	2021
34355626	2022 Jul
34340598	2021 Dec
34336354	2021
34335838	2021
34335042	2021
34206900	2021 Jun 26
34201327	2021 Jun 8
34181201	2021 Aug
34145810	2021
34144542	2021 Jul 13
34078931	2021 Jun 2
34061360	2022 Apr
34049110	2021 Jul
33969044	2021
33933140	2021 May 1
33927645	2021
33914354	2021 Aug
33874948	2021 Apr 19
33857741	2021 Jun
33843153	2021 Jul
33829012	2021
33818795	2021 May
33812379	2021 Apr 3
33782948	2021 Aug
33774341	2021 May
33737085	2021 Jun 15
33708990	2021
33706812	2021 Mar 12
33691527	2021 Sep
33652170	2021 May
33628096	2021
33621866	2021 May
33594314	2021
33593365	2021 Feb 16
33580730	2021 Dec
33580529	2021 Dec
33533202	2021 Apr
33526743	2020 Dec
33469783	2021 Aug
33466246	2021 Jan 5
33464397	2022 Mar
33463160	2020 Jun 8
33455260	2020 Sep 14
33437629	2021 Jan
33432584	2021 Jun
33426205	2020 Dec
33424189	2021 Jan-Feb
33407870	2021 Jan 6
33398932	2021 Feb
33392807	2021 Jul
33382341	2021 Jan
33356729	2021 Mar
33270961	2021 Mar 22
33254972	2021 Jan
33240955	2020
33224251	2020
33224204	2020
33217001	2021 Jan
33102504	2020
33076883	2020 Oct 19
33014527	2020 Oct
32925989	2020 Sep 14
32843582	2020 Dec 1
32841203	2020 Jun
32824442	2020 Aug 17
32824204	2020 Aug 15
32802182	2020
32774019	2020 Jul
32765756	2020 Sep
32764579	2020 Aug 6
32763434	2020 Nov 10
32747064	2020 Aug
32713662	2020 Dec
32706497	2020 Oct
32590144	2020 Aug
32561472	2020 Sep 1
32556386	2021 Feb
32435676	2020 Jun
32435673	2020 Jun
32433520	2020 May 20
32426059	2020 Jun
32394696	2020 May 20
32351784	2020
32348838	2020 Jul 15
32308770	2020
32294140	2020
32281500	2020 Dec
32235804	2020 Mar 22
32216270	2020 Apr 21
32201950	2020 Jun
32186046	2019 Apr
32138842	2020 Feb
32129515	2020 Sep
32129514	2020 Dec
32112264	2020 Jun
32099804	2020 Mar
32070117	2021 Dec
32060941	2020 Nov
32003441	2020
31988026	2020 Jun
31918209	2020 Mar
31888697	2019 Dec 30
31875872	2019 Dec 26
31844612	2019 Oct
31840428	2020 Feb
31838140	2020 Feb
31819923	2019
31814923	2019 Dec
31799697	2020 May
31764352	2019 Dec
31740016	2020 Jan 2
31726172	2020 Mar 1
31711715	2020 Feb
31695255	2019 Oct
31681730	2019
31629102	2020 Feb
33464061	2019 Oct 14
31587011	2019 Oct 6
31578839	2021 Jun
31565788	2020
31554894	2019 Sep 25
31553428	2019 Sep 6
31542485	2019 Nov 15
31521691	2020 Jan 1
31520482	2020 Feb
31511072	2019 Sep 12
31500751	2019 Sep
31492126	2019 Sep 6
31475944	2019 Sep 1
31474179	2019 Aug
31466462	2021 Dec
31419488	2019 Dec
31389579	2019 Aug
31384819	2019 Dec
31374866	2019 Aug 1
31369700	2020 Apr
31355276	2019
31316574	2019
31312686	2019 May
31298359	2019 Jun
31287023	2019 Jul 8
31256666	2019 Jul
31207966	2019 Jun 14
31183123	2019 Apr
31168540	2019 Aug 1
31150275	2019 Jul
31146351	2019 May 29
31146014	2019 Sep
31134817	2020 Mar
31131046	2019
31128080	2019 Nov
31095777	2019 Sep
31062604	2019 Dec
31051241	2019 Aug
31044415	2019 May 2
31010247	2019 Apr 19
30977542	2019 Aug
30923232	2019 Jun
30885225	2019 Mar 18
30871292	2019 Mar 1
30858696	2019
30841560	2019 Mar 5
30820353	2019
30795769	2019 Feb 22
30783864	2019 Mar
30705526	2019 Jan-Feb
30671145	2019 Jan-Dec
30656598	2019 Sep
30651759	2019 Jan
30644773	2019 Sep
30626725	2019 Jan 31
30609097	2019 May
30606638	2019 Feb
30603587	2018 Oct
30603567	2018 Aug
30596714	2018
30592265	2019 Mar
30542421	2018 Dec
30519936	2019 Jun
30519575	2018
30507075	2018 Dec.
30486657	2021 Apr
30480335	2019 Feb
30464073	2018 Nov 1
30430453	2019 Feb
30429885	2018
30415972	2019 Jan
30378173	2019 Jun
30280200	2018 Dec
30275684	2018
30261492	2018
30258570	2018 Aug
30220711	2018
30210670	2018
30110088	2018 Aug 13
30104576	2018 Aug 13
30093946	2018
30093011	2018 Oct 15
30069445	2018 Jun
30055642	2018 Jul 28
30046312	2018
30033246	2018 Oct 1
29944927	2018 Oct
29923522	2018 Mar
29901017	2018 Mar
29892579	2018 May-Jun
29878993	2018 Sep
29861524	2018 Jan-Feb
29845461	2018 Sep
29794403	2018 Aug 1
29789008	2018 May 22
29781506	2018 Nov
29725360	2018 May
29694389	2018
29684624	2018 Jun
29682561	2018
29656239	2018 Jul
29637484	2018 Aug
29604245	2018 Jun 5
29581742	2018 Apr
29557244	2018 Nov
29556366	2018
29549951	2018 Jun 1
29543781	2018 Mar 15
29534754	2018 Mar 13
29534084	2018
29524675	2018 Apr 15
29523155	2018 Mar 9
29522657	2018 Jun
29493355	2018 Mar
29477035	2018 Apr
35539110	2018 Feb 14
29438883	2018 Apr
29393693	2018
29359666	2018
29357891	2018 Jan 22
29291543	2018 Feb
29285104	2017 Dec
29263013	2018 Jan
29257344	2018 Mar
29233641	2018 Mar
29205898	2018 Mar
29205258	2017 Dec 5
29201194	2017 Nov
29191221	2017 Dec 1
29171968	2017
29150268	2017 Nov
29108480	2018 Feb
29104661	2017 Nov
29093428	2018 May 10
29056291	2017 Nov 7
29017608	2017 Oct 10
28951745	2017
28923043	2017 Sep 18
28892260	2017 Dec
28890259	2017 Nov
28815179	2017
28810851	2017 Aug 15
28757192	2017 Oct 15
28730231	2017
28715494	2017
28688215	2018 Jan
28662337	2017 Dec
28647468	2017 Oct
28619022	2017 Jun 15
28599103	2018 Mar
28587374	2017 Jun
31682385	2017 Jun
28554494	2017 Jun 14
28542897	2017 Jul
30970861	2017 May 20
28520463	2017 Aug
28508006	2017 Apr
28504144	2017 Aug 1
28420082	2017 Apr 14
28362543	2017 Jun
28339018	2017 May
28325340	2017 May 15
28318324	2017
28303595	2017 Nov
28297568	2017 Mar
28284999	2017 Aug
28280413	2017 Mar
28278383	2017 Jun
28133485	2017
28102161	2016 Oct 28
28097685	2017 Sep
28066137	2017 Jan
28025555	2016 Dec 23
27994917	2016 Nov
27925221	2017 Oct
27909553	2016 Dec
27908544	2017 Jan
27908189	2016 Dec
27904047	2016
27876074	2016 Nov 22
27845067	2017 Jan 5
27825604	2016 Dec 8
27686453	2016 Dec
27793538	2016 Dec
27789339	2017 Apr
27756698	2017 Apr
27756901	2016 Oct 19
27650754	2016 Nov
27485850	2016 Nov
27737345	2016 Sep
27709418	2017 Feb
27706690	2016 Sep 2
27698707	2016 Oct
27662821	2017 Feb
27640363	2016 Sep 19
27543842	2017 Jan
27475840	2016 Aug 15
27454655	2016 Oct 4
27430254	2016 Sep
27321049	2016 Sep
27301478	2016 Jun
27279147	2017 Mar
27266646	2016 Oct
27178054	2016 Dec
27173350	2016 May 9
27142133	2016 Jun
27129040	2017 Mar
27114801	2016 Mar
27109206	2016 Jun
27086145	2016 Apr 17
27069407	2015 Mar-Apr
27063559	2016 Jul 25
27060082	2016 Sep
27052304	2016 Apr 6
27039182	2016 Apr 1
27017891	2016 Jun 17
27003736	2016 Oct
26945831	2016 May
26937219	2016 Mar
26936196	2017 Apr
26915044	2016
26902085	2016 Mar 1
26898767	2016 Jun
26898122	2016 Mar 15
26884921	2015
26873249	2016 Apr
26872897	2016 Jun
26871903	2016
26864066	2016 Feb 11
26851252	2016 Apr
26850822	2016 Jun
26844597	2016 Feb 4
26838881	2016 Apr 1
26808542	2016
26806976	2015 Nov-Dec
26771387	2016
26706677	2015 Dec
26704447	2016 Jan
26703073	2015 Dec 24
26622502	2015 Oct
26617688	2015
26600478	2015 Nov 13
26589614	2015 Aug 25
26585246	2015 Nov 19
26576262	2015
26573557	2016 Jan
26560133	2015 Nov 12
26550441	2015
26538834	2015
26535700	2015 Oct 30
26485068	2016 Mar
26403700	2016 Jan
26396170	2015 Nov
26395917	2015 Dec
26369477	2015 Oct
26336958	2015 Sep 3
26336584	2015 Sep
26321377	2016 Feb
30035060	2015 Oct
26275694	2015 Summer
26256195	2015 Oct 20
26247612	2016 Jan
26239837	2015 Aug 4
26228537	2015 Jul 31
26194917	2016 Feb
26159056	2015 Sep 18
26147652	2015 Dec
26135886	2015 Jul 2
26135713	2015 Dec
26117694	2015 Oct
26108147	2015 Dec
26079860	2015
26045743	2015
26033998	2015 May
26028140	2015 Oct
26023716	2015 May 27
25986068	2015 May 20
25967971	2015
25957254	2015 Jul
25934426	2015 Jul 25
25932159	2015
25889371	2015 Sep
25889158	2015 Feb 26
25884951	2015
25846264	2015 Jul
25835759	2015 Aug
25824985	2015 Jul
25820864	2015 Sep
25818452	2015 Jun
25815520	2015 Jul
25776872	2015 Jun 1
25754287	2015 Jun
25736607	2015 Jun
25725391	2015 Jul
25712888	2015 Jun
25666331	2015 Apr 10
25608048	2015 Sep
25592743	2015 Jan 16
25573797	2015 Apr
25569085	2015 Jan 5
25541697	2014
25523754	2015 Jan 21
25496568	2014 Dec 11
25479166	2015 Mar
25471680	2014
25463442	2015 Mar
25450842	2015 Feb
25445302	2015 Feb
25438155	2014
25435376	2015 Feb
25398806	2014 Nov-Dec
25398247	2014 Nov 15
25385442	2015 Feb
25381135	2014
25377946	2014 Nov 6
25356168	2014
25350566	2015 Aug
25287683	2014 Nov
25283343	2015 Feb
25278055	2014 Oct
25230745	2014 Sep 18
25219668	2015 Jan
25192881	2014 Sep 6
25187381	2014 Nov
25153804	2014 Nov
25151083	2014 Nov
25125266	2014 Dec
25123228	2014 Aug 14
25120312	2014 Aug
25106675	2014 Nov
25087069	2014 Oct
25081415	2014 Nov
25065588	2014 Nov
25009705	2014 May
25009597	2014 Aug
25008204	2014 Sep
25001340	2014 Sep
24974007	2014 Sep
24965503	2017 Feb
24916718	2014 Aug
24909758	2014 Sep
24890034	2014 Nov
24853775	2015 Jan
24837189	2014 Aug 10
24819118	2014
24810823	2014 May
24797570	2014 Aug
24792209	2014 Jun
24769230	2014 Jun
24766775	2014 Apr 26
24749144	2014 Jul
24748433	2014
24742749	2014 Jul
24729965	2014
24720858	2014 Apr
24703827	2014 May
24697299	2014 Jul
24662735	2014 Jun
24655056	2014 Sep
24632762	2014
24613214	2014 Jun
24586815	2014
24526748	2014
24481743	2014 May
24465137	2013 Feb 12
24392152	2014
24384406	2014 Feb 5
26229774	2014 Jan-Feb
24375646	2014 Apr
24361795	2014 Feb
31304164	2013 Nov-Dec
24239096	2014 Feb
24237934	2014 Jan
24195351	2013 Apr
24185110	2014 Jan
24111862	2013 Oct
24108064	2014 May
24084720	2013 Sep 30
24071980	2013 Sep 25
24016823	2013 Nov 1
24007463	2013 Sep 5
23983790	2013
23973917	2013 Nov
23927932	2013 Oct
23846837	2013 Oct
23843355	2013 Oct
23843150	2013 Oct
23792272	2013 Oct
23728192	2013 May 21
23701865	2013 Jun
23680875	2013 Aug
23646806	2013 Jan
23634175	2013
23611900	2013 Jul
23603083	2013 Jul
23574696	2013 Apr 10
23564690	2013 Oct
23550192	2013 Jan
23533523	2013
23523903	2013 Jul
23523901	2013 Jun
23521980	2013 Mar 20
23519019	2013 Jun
23461527	2013 Jul 15
23433227	2013 Feb 22
23423824	2013 Jun
23389746	2013 Apr
23360790	2013 Jan 29
23353669	2013 Apr
23353668	2013 Apr
23339021	2013 Sep
23335181	2013 Jun
23312211	2013 Feb
23267848	2013 Mar
23257243	2013 Mar
23247212	2013 Mar
23194887	2013 Jan 30
23183190	2013
23160848	2014 Jan
23154419	2013 May 2
23085002	2013 Mar
23074702	2012
23025929	2013 Jan
26069642	2012 Oct
22977770	2012 Aug
22976595	2012 Nov
22971527	2013 May 2
22967750	2012 Sep 28
22947279	2012 Dec
22935787	2012 Dec
22917745	2012 Dec
22903188	2013 Jan
22882937	2012 Jul
22877818	2012 Dec
22865437	2011 Nov 14
22846713	2012 Nov
22827787	2012 Aug
22825641	2012 Nov
22821055	2013 Mar
22818981	2012 Oct
22818426	2013 Apr
22809835	2012 Nov
22781206	2012 Oct
22771776	2012 Oct
22765310	2012 Oct
22763343	2013 Apr
22763137	2013 Feb
22759953	2012
22750746	2012 Oct
24750874	2012 Jul 1
22739214	2012
22737537	2011 Sep
22709525	2012 Jun 18
22668504	2012 Aug 1
22645088	2012 May
22636321	2012 Aug
22611500	2012
22581309	2012 Aug
22528855	2012 Nov
22528754	2013 Jun
22507555	2012 Oct
22490585	2012 Mar
22484689	2012 Jun
22474519	2012
22466300	2011 Aug
22462241	2011 Dec
22438217	2013 Sep
22435714	2012 Aug
22429866	2012 Sep
22405078	2012 Mar 10
22392368	2012 May
22353745	2012 Jun
22344562	2012 Sep
22337466	2012 Jan
22333731	2012 May
22330350	2011 Oct
22314877	2012 Jan 31
22298781	2012 Apr 6
22288847	2012
22215151	2012 Jun
26069620	2012 Jan
24977073	2012
22184086	2011 Dec 19
22179032	2012 Feb
22167163	2012 Dec
22142024	2012 May
22119214	2012 Mar 1
22102374	2012 Feb
22081995	2012 May
22081300	2012 Jul
22071698	2011 Nov 9
22071411	2012 Feb
22018423	2012 Mar
21963244	2012 Aug
26069596	2011 Oct
21914215	2011
21911044	2011 Nov 28
21895501	2011 Oct
21889876	2011 Dec
21885247	2011 Nov
21881990	2012 Sep
21853458	2012 Mar
21843651	2011 Dec
21820069	2011 Oct
21808721	2011
21792361	2011
21750784	2011
21750530	2011 Jul 12
21697093	2011 Aug 12
21674547	2011 Jul
21674258	2011 Aug
21658899	2011 Jun
21633723	2011
21624651	2011 Sep
21571083	2011 Jul
21567132	2011 Nov
21471417	2011 Apr 6
21462250	2011 Oct
21445980	2011 Sep
21437949	2011 May
21415641	2011 Mar
21397547	2011 Dec
21350959	2011 Dec
21343686	2010
21334177	2011 Jun
21327438	2012 Jun
21325780	2011
21305336	2011 Dec
21287781	2010 Dec
21284047	2011 Aug
21258522	2010 Sep 20
21188382	2012 Mar
21152323	2010 Oct 21
21144162	2011
21141677	2010 Sep
21127340	2010 Dec
21104136	2011 Jun
21089182	2011 Jun
21075020	2011 Feb
21067936	2011 Jul
21063883	2011 Jun
21056352	2010 Nov
21055904	2011 Feb
21044693	2011 Jan
21035559	2011 Jan
20951230	2011 Jan
20886656	2011 Mar
20886647	2011 Mar
20864020	2010 Oct
20872588	2010 Nov
20863825	2010 Dec 15
20863650	2010 Sep 21
20861497	2011 Nov
20851201	2010 Dec
20733349	2010 Oct 31
20686209	2010 Aug
20683842	2011 Mar
20678201	2010
20633683	2010 Sep
20633668	2010 Oct
20591677	2011 Mar
20522967	2010
20495569	2010 Jun
20488444	2010 Aug 26
20436717	2010 May
20434575	2010 Jul
27022552	2010 May-Jun
20420676	2010 Apr 26
20407800	2010 Oct
20399901	2010 Jun
20399435	2010 Jun 18
20390279	2011 Oct
20354742	2010 Nov
20237852	2010 Dec
20225288	2010 Oct
20148096	2010 Jan 19
20089151	2010 Jan 20
20046426	2009 Dec 31
20010383	2009 Dec 15
20001938	2009
19997826	2009 Nov
19995451	2009 Dec 8
19941998	2010 Mar
19937913	2010 Feb
19933220	2010 Jun 6
19877289	2010 Apr
19796724	2009 Oct
19725096	2010 Feb
19716503	2009 Sep
19656083	2009 Oct 12
19655297	2010 Apr
22495600	2009 Aug
19644873	2009 Aug
19622607	2009 Sep 1
19621423	2010 Jan
19619632	2009 Sep 7
19615962	2009 Dec
19589338	2009 Oct
19577765	2010 Dec
19499299	2009 May
19473558	2009 Mar-Apr
19447215	2009 Nov
19427403	2009 Sep
19379726	2009 Jun 24
19357845	2010 Sep
19293161	2010 Feb
19249964	2009 Dec
19242978	2009 Sep
19226011	2008 Oct
19152788	2009 Jul
19139060	2009 Mar
19136500	2010 Sep
19128988	2009 Jun
19100343	2009 Feb
19089540	2008 Nov
19064326	2009 Jun
19056196	2009 Jun
18941854	2009 Dec
18924142	2009 Mar
18922704	2009 Apr
18836236	2008
18836225	2008
18826579	2008
18822193	2008 Oct
18817862	2009 Jun 25
18786840	2009 Mar
18760939	2009 Feb
18757215	2009 Feb
18699993	2008
18672387	2009 Feb
18664254	2008
18655133	2009 Jan
18635922	2008 Jul
18601460	2008 Aug
18597092	2008 Nov
18573668	2009 Jan
18571101	2008 Jul
18546028	2008 Aug
18536737	2008 Jun
18524638	2008 Dec
18440246	2008 Nov
18378169	2008 Sep
18358246	2008 Jun
18324355	2008 Jul
18308591	2008 Sep
18289887	2008 Jul
18253075	2008 Jan-Feb
18251495	2008 Feb 28
18246688	2007 Dec
18227807	2008 Mar
18226558	2008 Jul
18202097	2008 Mar 15
18201914	2008 Jul
18196436	2008 Feb
18182205	2008 Jan
18164790	2008 Apr
18162190	2008 Feb
18078697	2008 Mar
18065760	2008 Feb 22
18032072	2008 Jul
17986983	2001 Apr 30
17983423	2008 Jan
17977753	2008 May
17924112	2008 Mar
17907184	2007 Oct
17889569	2008 Apr
17826961	2007 Oct
17806152	2007 Aug
17763450	2008 Jan
17763056	2007 Nov
17686167	2007
17629939	2007 Oct
17623656	2007 Sep 21
17612627	2007 Jun
17599731	2007 Jul
17576081	2007 Dec
17564307	2004
17537650	2007 Nov
17469133	2007 May
17469132	2007 May
17434520	2007
17416724	2007 Apr 7
17413965	2007 Apr
17409739	2006
17408983	2007 Sep
17401567	2007 Aug
17379543	2007 Aug
17376710	2007 Aug
17267227	2007 Mar 15
17257416	2007
17207396	2006 Nov-Dec
17187753	2007 Feb 1
17185834	2006 Oct-Dec
17174958	2007
17174116	2007 May
17158799	2006 Dec 19
17157537	2007 Apr
17143596	2007 Mar
17121649	2006 Dec
17098451	2007 Apr
17082378	2007 Mar
17072658	2007 May
17033834	2006 Nov
17008111	2007 Mar
16995764	2006 Oct
16979130	2006 Nov
16965923	2007 Feb
16949051	2006 Oct 20
16934183	2006 Aug 20
16919424	2006 Aug
16895758	2007 Jan
16869019	2006 Aug
16861013	2007 Jan
16829037	2006 Nov
16819182	2006 Jul
16765606	2006 Nov
16740257	2006 Jul 10
16736522	2006 Jun
16721529	2006 May
16716606	2006 Oct
16644246	2006 Sep
16639625	2006 Aug
16607552	2006 Oct
16581860	2006 Aug 1
16567454	2006 Aug
16563812	2006 Aug
16526282	2006 Feb
16516501	2006 Jul
16514637	2006 Apr
16504737	2006 Jan-Feb
16500096	2006 Sep
16485275	2006 Mar
16483806	2006 Jun
16480901	2006 Jun
16470459	2005 Dec
16463423	2006 Feb 15
16427327	2006 May
16413501	2006 Mar 3
16385543	2006 Jan
16344493	2006 Jan
16307185	2005 Nov
16286033	2005 Nov
16286032	2005 Nov
16258912	2005 Nov
16169257	2005 Nov
16165377	2005 Dec
16154778	2005 Dec
16153550	2005 Sep
16122644	2005 Sep
16105911	2005 Nov
16099121	2005 Nov
16099082	2005 Nov
16056079	2005 Aug
16036131	2005 Aug 26
16034188	2005 Jul
16023007	2005 Jul
16022984	2005 Jul
15993557	2005 Nov
15973508	2005 Jun
15967685	2005 Sep
15935608	2005 Nov
15913943	2005 Nov
15883738	2005 Apr
15883039	2005 Jun 17
15882564	2005 May
15882563	2005 May
15818693	2005 Apr
15788315	2005 Feb
15780645	2005 Apr
15780643	2005 Apr
15765218	2005 Nov
15764839	2005 Mar
15758487	2001 Jun
15758375	2002 Dec
15751088	2005 Mar
15727894	2005 Mar
15727893	2005 Mar
15703011	2005 Feb
15694579	2005 Feb
15694577	2005 Feb
15694575	2005 Feb
15676082	2005 Feb
15642141	2005
15641085	2005 Jan
15636551	2004 Nov
15608304	2005 Jan
15603819	2005 Jun
15564068	2004 Dec
15564066	2004 Dec
15544889	2004 Dec
15541672	2004 Nov-Dec
15523898	2004 Sep-Oct
15501408	2004 Nov
15501403	2004 Nov
15501401	2004 Nov
15472397	2004
15466401	2004 Oct
15450534	2004 Oct
15380039	2004
15334467	2004 Aug
15325637	2004 Sep
15304263	2004 Sep
15299285	2004
15280602	2004
15270275	2004 Jun
15262243	2004 Aug
15262241	2004 Aug
15249318	2004 Aug
15229942	2004 Jul
15219574	2004 Jul
15183429	2004 Jul
15064812	2004 Apr
15045525	2005 Aug
15020329	2004 Apr
14972340	2004 Mar
14758471	2004 Nov
14722210	2004 Feb
14698991	2004 May
14652478	2003 Dec 1
14646055	2003
14629965	2003 Dec
14609534	2003 Nov
14521295	2003 Aug
13129695	2003 Oct
12972479	2003 Oct
12954234	2003 Sep
12939762	2003 Sep
12939359	2003 Sep
12932295	2003
12932294	2003
12919881	2003 Sep
12847686	2003 Jul
12796883	2003 Jun
12794826	2003 Jun
12773042	2003 Jun 5
12752202	2003 May
12738249	2003 Apr
12724680	2003 May-Jun
12704696	2003 May
12703656	2003 Mar
12658748	2002
12649027	2003 Mar
12640890	2003 Feb
12623289	2003 Mar
12623287	2003 Mar
12604692	2003 Mar
12581388	2003 Mar
12554127	2003 Feb
12505488	2003 Jan
12505486	2003 Jan
12486471	2002
12483727	2002 Dec
12426659	2002 Nov
12426543	2002 Nov-Dec
12400399	2001 Fall
12369789	2002 Oct
12322970	2002 Dec
12175098	2002 Jul-Aug
12172719	2002 Jul
12164342	2002 Jun
12112417	2002 Jul 1
12082287	2002
12056850	2002 Jun
12038628	2002 May
12012032	2002 May
12006318	2002 Jun
12002826	2002 Apr
11900196	2002 Feb 21
11876277	2002 Mar
11869084	2002 Mar
11869082	2002 Mar
11869078	2002 Mar
11869073	2002 Feb
11869070	2002 Feb
11795986	2001 Nov
11824951	2002 Jan
11823537	2002 Feb 15
11791641	2001 Nov-Dec
11780722	2001 Sep
11732032	2001 Dec
11680691	2001
11680688	2001
11680676	2001
11680673	2001
11678296	2001 Sep
11603728	2001 Oct
11562124	2001 Sep
11557363	2001 Sep
11531396	2001 Sep
11520169	2001 Aug
11508433	2001 Aug
11495195	2001 May
11467895	2001 Jul
11465142	2000 Dec
11461663	2001 Jun
11453476	2001 Jul
11406617	2001 Oct 5
11399103	2001 May
11399099	2001 May
11398866	2001 May
11398850	2001 May
11355886	2001 May 25
11341433	2001 Apr
11334975	2001 Jun 1
11325536	2001 May 3
11317676	2001
11314520	2000 Aug
11300749	2001 Apr
11300748	2001 Apr
11300744	2001 Apr
11300742	2001 Apr
11292039	2001 Mar-Apr
11288094	2001 Jun 15
11243562	2001 Jan
11237666	2001 Feb
11211982	2000
11192249	2000 Nov
11178949	2001 Jan
11178948	2001 Jan
11160347	2001 Feb 15
11127660	2000 Dec
11086095	2000 Dec 1
11083281	2000 Nov
11069731	2000 Nov
11003576	2000 Oct
10984135	2000
10966842	2000 Sep
10966841	2000 Sep
10936503	2000 Aug 11
10914857	2000 Jul
10899715	2000
10871041	2000 Jun 1
10867027	2000 Jun 30
10861084	2000 Jul 1
10806047	2000 May
10792965	2000 May
10738690	2000 Mar-Apr
10724258	2000 Mar
10689873	1999 Nov
10661385	2000 Jan
10648013	2000 Jan
10632453	1999 Nov
10623638	2000 Jan 7
10607499	2000 Jan
10558852	1999 Nov
10557197	1998 Sep
10544954	1999 Sep
10544844	1999 Sep-Oct
10524683	1999 Oct
10521613	1999 Jun
10503932	1999
10489323	1999 Sep
10452831	1998
10443472	1999 Jul
10419781	1999 Jul
10415782	1999 Jun 30
10412452	1998 Dec
10374025	1999 Jan
10367688	1999 Jan-Feb
10367020	1999 Jan
10343773	1998 Nov
10342332	1999 May
10334506	1999 Apr 16
10329329	1999 May
10233854	1999 Apr
10222217	1999 Mar
10197169	1998 Sep
10090178	1999 Mar
10025914	1999 Feb
9972974	1999 Feb
9876398	1998 Jul
9858423	1998 Dec
9852107	1998 Dec 18
9802549	1998 Sep
9786430	1998 Sep
9779827	1998 Nov 1
9743813	1998 May
9733465	1998 Sep
9692069	1998 Mar
9682784	1998 May
9678053	1998 Jul
9663485	1998 Jul
9632335	1998 Jun
9616439	1998 Jan
9616434	1998 Jan
9616433	1998 Jan
9512498	1998 Apr 1
9581258	1998
9570218	1998 May-Jun
9556743	1998 Apr
9551411	1998 Apr
9480869	1998 Mar 1
9519795	1998
9514210	1998 Mar
9510855	1998 Mar
9500621	1998 Feb 27
9497942	1997 Sep
9497941	1997 Sep
9496714	1998
9420595	1997 Sep
9397262	1997 Nov-Dec
9297550	1997 Aug
9404472	1997 Jul
9404470	1997 Jul
9404468	1997 Jul
9255109	1997 Jul
11415729	1997 Jun
9271160	1997 Jun
9228535	1997 Jun
9195525	1997 Jun
9189739	1997 May
9181480	1997 May
9167621	1997 Mar
9135825	1997 Mar
9068283	1997 Feb
9408281	1997
9117169	1997 Jan
8921246	1996 Oct
8895216	1996 Sep
8893759	1996 Sep
8765389	1996 Aug
8866331	1996 Jul
8670336	1996 Jul
8806112	1996 Jun
8806111	1996 Jun
8648258	1996 Jun
11415608	1996 Apr
8630101	1996 Apr
11859385	1996 Feb
8748533	1995 Nov
8748521	1995 Nov
8596153	1995 Nov
8583053	1995 Nov
8544020	1995 Nov
8991991	1995 Oct
8581744	1995 Sep
7575726	1995 Sep
8548356	1995 Aug
7791127	1995 Jun
7677594	1995 Jun
7748223	1995 May
7722724	1995 May
7634643	1995 May
7772639	1995 Apr
7604535	1995 Mar
7848310	1995 Feb
7818555	1995 Jan 5
19877898	1995 Winter
7853094	1995 Jan
7586003	1995 Jan
7488982	1995 Spring
11550715	1994 Dec
11550710	1994 Dec
7850677	1994 Dec
7699637	1994 Dec
7863819	1994 Nov
7531256	1994 Oct
7529315	1994 Sep
8053958	1994 Aug
8207585	1994 May
8048323	1994 Apr
11548222	1994 Mar
8129797	1994 Mar
8166906	1994 Feb
8119031	1994 Feb
23916076	1994 Jan
8118990	1994 Jan
8240430	1993 Nov
15449512	1993 Oct
15449511	1993 Oct
8410449	1993 Oct
8403540	1993 Oct
8118900	1993 Oct
8410881	1993 Aug
8230023	1993 Aug
15449426	1993 Jul
15449425	1993 Jul
8504610	1993 Jun
8336311	1993 May
8472427	1993 Apr
8472426	1993 Apr
8436117	1993 Feb 1
8503095	1993
8273555	1993
8229383	1993
1447320	1992 Dec
1426052	1992 Nov
1455459	1992 Oct
1441931	1992 Oct
1401080	1992 Oct
27743046	1992 Jun
1406451	1992 Jun
1592211	1992 May
1586241	1992 Apr
1727936	1992 Jan
1593922	1992
1588803	1992
1576427	1992 Jan
1540032	1992 Jan
1532481	1992 Jan-Feb
1428305	1992
1747946	1991 Dec
1918955	1991 Oct 1
1659645	1991 Oct
1665295	1991 Sep
1665294	1991 Sep
1932367	1991 Aug
1949917	1991 Jun
1949913	1991 Jun
2025305	1991 May
2010837	1991 May
2003855	1991 Mar
2027138	1991 Feb
2027137	1991 Feb
2023213	1991 Feb
1851228	1991 Feb
2069926	1991
2000502	1991
1947669	1991
1771397	1991
1723575	1991
1670072	1991
2176623	1990 Dec 17
2246557	1990 Dec
2100375	1990 Dec
2225634	1990 Nov
2150740	1990 Nov
2208864	1990 Oct
2355297	1990 Jul
2338498	1990 May 8
2104218	1990 Mar
2317121	1990 Feb
2305220	1990
2529859	1989 Oct
2778766	1989 Jun
2735969	1989 Jun
2751098	1989 May 1
2596380	1989
2508305	1989
2507757	1989
3147827	1988 Oct-Dec
3148407	1988 Sep
2452552	1988 Apr
3348826	1988 Feb
3338218	1988 Feb
3372097	1988
3368750	1988
3238356	1988
3233039	1988
3688008	1987 Nov 20
3665251	1987 Nov
2829908	1987 Nov
2828615	1987 Oct
3608308	1987 Aug
3581578	1987 Jun
3040324	1987 Jun
3625671	1987 May
3625665	1987 May
3625662	1987 May
3625661	1987 May
3305935	1987 May
3114487	1987 May
3598999	1987 Apr
3566827	1987 Mar
3492984	1987 Feb
3625362	1987
3497901	1987
3317796	1987
3038223	1987 Spring
3780104	1986 Dec
3536251	1986 Dec
2430748	1986 Dec
3102376	1986 Nov
3788502	1986 Aug
3769240	1986 Jul-Sep
2427091	1986 Jul
3735271	1986 Jun
3708985	1986 May
2422209	1986 May
3709915	1986 Apr
3522898	1986 Apr
3007526	1986 Apr
3701731	1986 Feb
3083854	1986 Feb
3941138	1986 Jan
3553761	1986-1987 Jan
3484623	1986 Jan
3097286	1986
3894795	1985 Aug
4004971	1985 Jun
4066725	1985 May-Jun
2579224	1985 Mar
4096321	1985
4096320	1985
4096319	1985
4001876	1985
3161266	1985
2987465	1985
6524981	1984 Dec
6439003	1984 Oct
6701529	1984 Mar 30
6592754	1984
6547540	1984
6436458	1984
6242460	1984
6242443	1984
6238825	1984
6083987	1984
6663591	1983 Dec
6639696	1983 Nov
6688529	1983 Sep
6603852	1983 Aug
6688183	1983 Jul
6859071	1983 Jun 14
6632992	1983 Jun
6191591	1983 May
6846012	1983 Apr
6658397	1983
6638904	1983
6623010	1983
7140079	1982 Nov-Dec
7105551	1982 Aug
7090758	1982 Jun
7108320	1982 May
7136561	1982 Apr
7082741	1982 Apr
7072836	1982 Apr
7097689	1982 Mar-Apr
7066180	1982 Feb
7064668	1982 Feb
7058292	1982 Feb
7116952	1982
7086778	1982 Jan-Feb
7084274	1982
7332379	1981 Dec
6271450	1981 Dec
7340843	1981 Nov 15
7295332	1981 Aug 1
7014063	1981 May
7226619	1981 Mar-Apr
7217169	1981 Mar
7211310	1981 Feb
7295003	1981
7458431	1980 Dec
7449226	1980 Nov-Dec
7449224	1980 Nov-Dec
7468218	1980 Sep
6931885	1980 Sep
7371310	1980 Mar-Apr
6154558	1980 Mar-Apr
6245866	1980 Feb
7455620	1980
7354466	1980 Jan-Feb
582870	1979 Aug
477081	1979 May
380514	1979 Apr 30
425826	1979 Feb
425824	1979 Feb
420707	1979 Feb
758919	1979 Jan
216227	1978 Dec
696272	1978 Aug
564192	1978 Jan-Feb
401258	1978
608292	1977 Nov-Dec
880770	1977 Jun
324481	1977 Apr
868495	1977
596139	1977
981706	1976 Nov
998193	1976 Oct
985639	1976 Oct
976816	1976 Oct
938890	1976 Jul 3
988953	1976 Jun
181024	1976 May-Jun
941794	1976 Feb
173816	1976 Feb
172532	1975 Dec
1163951	1975 Aug
1080067	1975 Jul 26
239424	1975 Jul 17
166095	1975 Jun
1123393	1975 Apr
1124956	1975 Feb
1132180	1975
4133718	1974 May 25
4133061	1974 May-Jun
4480417	1974 Mar
4413380	1974
4130143	1974 Jan
4804991	1973 Dec
4710840	1973 May
4708019	1973 May-Jun
4349712	1973 Apr
4121831	1973 Apr
4736768	1973 Mar-Apr
4806072	1973
4693868	1973 Jan
4589104	1973
4562192	1972 Sep
5047793	1972 Jul-Aug
5047791	1972 Jul-Aug
4260317	1972 May 26
5121721	1971 Oct
5002457	1971 Oct
5562380	1971 Aug
4104147	1971 Jul
4997575	1971 Jun
5575973	1971 May 15
5578227	1971 May
4329632	1971
4991677	1970 Dec
4101094	1970 Nov
5433599	1970 Aug
5452318	1970 Jun
5425638	1970 Apr
4188339	1970 Jan 3
5507896	1970
5464072	1970
5427954	1970
5820782	1969 Aug
5360889	1969 Jun
5770582	1969 May
4302621	1968 Dec
5723015	1968 Nov
5721108	1968
4168366	1967 Dec 1
4864284	1967 Oct
4224976	1966 Jun
5326438	1966 Mar
5319436	1965 Oct 15
13918543	1962 Apr
13773897	1960 Nov 1
